coconut_milk,eggs,sugar,pandan_leaves,success
9.556428757689245,2.5347171131856236,3.442141285965063,7132.44787222995,PASSED
7.587945476302646,1.5854643368675156,8.458637582367365,32418.319308810067,FAILED
6.387926357773329,9.539969835279999,4.210779940242304,5612.771975694963,PASSED
2.4041677639819286,9.690688297671034,3.5284105871864266,22728.208225275608,FAILED
2.403950683025824,8.275576133048151,5.884264748424236,25111.022770860975,FAILED
1.5227525095137953,3.741523922560336,2.2683180247728636,14985.8445829775,FAILED
8.795585311974417,1.8790490260574548,8.219772826786357,14575.963309832448,PASSED
6.41003510568888,7.158097238609412,1.6709557931179373,18207.658460712595,FAILED
7.372653200164409,4.961372443656412,9.881982429404655,1078.9142699330446,PASSED
1.185260448662222,2.0983441136030097,7.9502029236699165,43388.38497734966,FAILED
9.72918866945795,5.456592191001432,2.7884411338075514,42121.80569346625,FAILED
8.491983767203795,1.3094966900369656,1.0496990541124216,7709.67179954561,FAILED
2.9110519961044856,9.18388361870904,8.339152856093508,20171.413823294053,FAILED
2.636424704863906,3.3290198344001523,7.361716094628554,34346.27179370652,FAILED
2.650640588680904,6.962700559185838,7.561064512368886,10628.583713734684,FAILED
3.7381801866358395,3.8053996848046987,7.941433120173512,4275.410183585496,PASSED
5.72280788469014,5.680612190600297,1.6664018656068134,4937.955963643907,FAILED
4.887505167779041,5.920392514089517,4.226191556898454,38090.13362873476,FAILED
3.6210622617823773,2.6636900997297435,2.0428215357261674,7607.850486168974,FAILED
6.506676052501415,9.726261649881026,8.767930832880342,254.1912674409519,PASSED
2.2554447458683766,7.976195410250031,6.609683141448022,16287.119621526534,FAILED
3.629301836816963,9.455490474077703,3.9780822236738427,11539.59819657586,FAILED
4.297256589643226,9.053446153848839,1.5720251525742128,42055.08115348672,FAILED
5.104629857953324,6.381099809299767,3.79884089544096,1195.942459383017,PASSED
8.066583652537123,9.296868115208051,3.9266498982407234,5227.328293819941,PASSED
2.7970640394252375,1.7964325184672756,7.566455605042576,39501.056347656355,FAILED
5.628109945722504,2.763845761772307,6.738017242196918,32798.55088329054,FAILED
6.331731119758382,1.4070456001948426,8.98491468318694,43945.464785138596,FAILED
1.4180537144799796,3.927972976869379,5.249934326457543,43071.908852815766,FAILED
5.996807304395161,1.610533531946547,7.8945829888177235,15920.51214313962,FAILED
9.182819225858383,2.0834033455498044,3.120093411350511,11407.218896573566,FAILED
8.886631136715437,7.392190077345332,3.6241909261818877,30179.84922009448,FAILED
6.332377641687326,1.0831808312297033,5.372057029197092,2403.7502370529774,PASSED
3.0067972730891324,4.88740081027129,6.742433810323099,2243.1093351504446,PASSED
9.973673892218294,3.660529241897614,8.37151710102415,37285.79154476845,FAILED
7.932513269590421,1.9980237091975406,4.896808894517473,10584.482589543735,FAILED
5.117091893992318,5.451249682411028,5.259013624955422,8249.783480319726,FAILED
8.026535491249145,5.684169257647842,8.203480269038552,25760.94070295164,FAILED
7.525988860076962,7.000363312613019,1.0501197456129512,5150.7376166115655,FAILED
3.264304546637604,7.833228867715085,7.731841388258649,8675.342755159807,FAILED
6.509657754206872,8.034619988874349,7.61984646534953,16506.359795501405,FAILED
3.4926280020773075,7.405454668412793,8.095214051747828,5989.838621237909,PASSED
2.365114268339904,3.7024499267622897,8.76558399999411,8151.091195423789,FAILED
1.936619038521648,5.447843872032434,7.561081656960166,1668.9102261317785,PASSED
2.6213150932266394,2.6631312598310597,9.063535588919486,8075.318437813281,FAILED
8.381088239399382,1.162804136688693,9.952917786716387,20947.221961807838,FAILED
3.6241677501751237,1.4886480486563112,9.318784861291556,5225.813025727045,PASSED
1.360207343929821,1.7921136754365916,5.996326541123992,839.6708635655053,PASSED
6.875163602277479,8.939129654200467,1.643181568582223,3871.3316039096962,PASSED
4.3237435211478035,2.473639951899785,2.722621211668474,1084.96093214818,PASSED
9.433967603325764,7.595406600962462,9.29681596787356,21026.762098081337,PASSED
9.901282435814235,3.100002863025622,1.8668602390235516,5705.964440149032,FAILED
1.591305050889027,6.7531084835299025,5.762595019518311,2564.576248755738,PASSED
4.209959102152306,4.566755853124744,3.4585121198436255,4129.72883354127,PASSED
9.11863258928745,7.973428767302379,4.2375485701377125,14010.250769947439,FAILED
7.994177099567206,6.488798408366073,7.278639439313339,15555.281934018067,FAILED
4.87807886349469,8.734194283333945,1.3626927939538223,4327.409246061379,FAILED
3.323567346269592,7.780426828211159,3.010691395008376,3691.1594114023783,PASSED
8.213974042678359,1.7345214187480948,9.699858398868303,16327.801074263556,PASSED
9.671285543989347,1.2133452983459256,1.9538624521294954,1430.7781594428031,PASSED
7.539474372903408,2.698372042691971,9.362463027065498,17024.698075708817,FAILED
9.445858863911107,2.114557910752003,1.9970917509175035,4365.7547014460415,PASSED
1.9458959870740162,8.54157515412129,7.550068739646692,7413.224325506708,FAILED
3.0644806235772646,4.695568998069525,6.994603387926643,7108.813327760434,FAILED
7.723871511915815,4.932807998870057,9.921507589043904,16844.221919952925,PASSED
2.32270919637834,8.76758305781971,7.384955533846781,5695.323878047415,PASSED
6.412075568507385,1.6413548446534163,8.319323914135683,12996.099817970447,FAILED
7.604755181309272,3.0000521048607007,2.7885435468419977,5921.609306066302,FAILED
1.3294258270541919,2.623964089314059,3.8489085144068733,2651.303772248032,FAILED
8.413297160535192,4.824723356506169,4.916658930540137,10279.456964546082,PASSED
6.391067080201814,7.951097461262786,9.889847563778286,17558.07556193273,FAILED
5.609017922203516,4.869688064314165,2.938993684641444,4388.017053590759,PASSED
5.0399677672068135,1.4672582123711075,3.200449735560085,4027.6914771223887,FAILED
6.483521444748377,9.915422846939263,9.64703508925513,16951.14485159073,PASSED
5.3863572757909655,6.34893702032761,6.076737911318109,9194.82049513329,FAILED
9.118745951078125,1.258409389918437,8.622350905223856,17324.682914818433,FAILED
3.334987762665359,7.958208052840161,3.324637470336414,4067.095639061555,PASSED
7.010638072451426,1.5354137211571688,4.5800088490779665,6458.6344670618255,PASSED
5.145725226830523,9.281074479910558,5.167288399622667,9900.755003488182,FAILED
5.871524097503986,9.379286618952966,4.343939847950849,9034.255826585197,FAILED
6.974694209499814,8.91346462898828,9.451140055960396,17628.820800172292,PASSED
9.866122656131049,8.507384732530635,1.889753225567215,8150.688371704538,PASSED
6.162933104653475,4.115075545296721,4.969234529667784,7428.12529295778,PASSED
4.093433188680039,9.351759322762096,3.513187003431618,5588.358809678931,FAILED
4.459681175687052,4.804061401509125,5.7178577502006736,6683.0115299279,PASSED
1.469721968945883,7.8133885684026225,9.594263122377784,7367.242307026,FAILED
6.044285058996118,1.4187269615715326,8.307194337216007,10586.381523407168,PASSED
7.0734202618098685,9.689771706815414,7.017596713477089,15278.526506026476,FAILED
9.024354145571712,2.6151975105581773,1.9284285794503793,6032.368587302987,FAILED
1.7154390864529787,1.7924543841952645,2.8728447377538915,1560.1693836672252,FAILED
2.1960974030544356,8.51599808091126,3.9198683903491003,2227.242015829338,PASSED
8.448919450880432,8.104870220280766,9.899332821623272,21787.667287669934,FAILED
6.3563813174167345,1.3066949633241984,3.8340954335487094,5402.635396517704,FAILED
3.8450983861686483,1.9466304691775473,2.2053167559857885,1102.496884909418,PASSED
9.936420352093357,8.725132816149447,8.290478514544517,21270.865326697764,PASSED
6.300876284627639,1.2191783138345729,9.242121961385218,12427.617264550705,FAILED
6.270271747083874,3.8233880958662336,3.218059681844922,5460.877238159347,PASSED
5.222461080836673,6.449815728286134,2.685957378690982,4921.54445960461,FAILED
2.7797243862344043,7.406456482297921,8.940319171832762,7742.436291310849,FAILED
3.3088671714311397,7.3768632136097345,6.726465867285759,6526.864118282706,PASSED
5.153464908157833,6.424597903399744,8.709170566882126,11641.618308487374,PASSED
4.742167749012646,7.934477580012042,2.932249293764987,4984.5641920132,PASSED
5.165475927209089,9.691731510392684,5.0185310495183595,8972.167624770893,FAILED
8.782593861161109,5.273513182329257,1.4319483618849893,5821.885628266363,FAILED
9.40907325838469,5.495766296599436,5.176854078216984,13601.288651272518,FAILED
4.004867617204875,9.18005419489904,7.199154030849765,9015.376174593232,FAILED
5.291943571879923,1.6828363474138324,4.24841423918525,5081.546986233636,PASSED
2.9441607022155325,4.279382481283377,5.8072487187357,5253.721310709692,FAILED
3.3994511530509275,9.833681822526637,5.787390219880396,6227.526885627215,PASSED
3.65792934418411,1.117569007908348,9.920756516848305,7667.153033653498,PASSED
7.7908287330751165,1.381964393816698,7.805914884075123,13129.05511318489,FAILED
7.691606570070062,5.2178869751469685,2.836516659444073,6606.360163440148,PASSED
6.302166466632411,3.667374026753694,2.9573524562266553,5229.552279934578,FAILED
9.831235529144601,8.215190956547728,2.999737108255814,10862.802694679865,FAILED
6.766320779533859,3.8574385150567143,9.279597069425423,14487.089404669006,PASSED
4.678888438507249,7.253484057649687,8.794330424901947,11539.131310912093,FAILED
5.741857662324478,4.984184099114049,8.45251514568017,12128.662646814872,FAILED
5.229230854980632,2.7164885718306833,8.987246407596182,10876.807567154467,FAILED
1.901700061773942,3.1509343804018437,3.5433607743344,2154.1886913495177,FAILED
3.115756769640738,3.6450469647653256,1.49727454148407,1149.159683612706,PASSED
8.491829804521362,9.606780169506871,9.965036454503089,21643.500989415854,PASSED
8.28037671950576,9.438983471748623,2.3756819501409963,8063.994831889292,PASSED
7.604965266887743,9.430646140816215,8.44676488098266,17954.936703928197,PASSED
3.0755837323547905,8.549618832047422,9.296704058155576,8932.97389433975,FAILED
4.483687589052952,7.467785133220022,3.9338198366922823,5754.416616534557,PASSED
5.19537756493343,3.541834914368332,7.3878457863747,8970.863909549249,PASSED
4.6615133669052184,1.2644135501029763,2.6387853215321764,2833.4389007099953,FAILED
8.223316954988102,6.477208096656547,6.919678493708122,15164.53116832542,FAILED
7.30946687608416,8.557217915360052,4.464545437751395,10865.122787908447,FAILED
6.286372809006387,3.2760529400938134,7.961391462966878,11342.299871308018,PASSED
6.453405963472441,1.5160164528223445,4.969927706022201,6798.335271338642,PASSED
4.750982950453563,5.306806226827755,1.089807306864607,2334.5187808346736,PASSED
4.263234126271461,2.1189842321138137,7.935441859397934,7876.312368567271,FAILED
7.0342039957490865,5.154241336523369,2.749556524532867,6101.443820941949,FAILED
1.4568893520097452,8.043953331680047,6.390595444464147,3483.9572020390974,FAILED
6.642853138859036,2.5040961321967368,6.840805002463695,10133.645393448085,PASSED
9.427012962234901,5.190698603506739,9.300896418663232,20919.654685832335,PASSED
6.023511504394659,9.646243099060683,4.185455203091327,8854.073556736672,FAILED
1.4489009785727731,1.6984219167052026,5.051904671021968,1803.0340127488787,FAILED
3.2812999645885554,2.2610022459213406,4.078437987518118,2899.1674545498986,PASSED
2.823362346760261,5.446892165713742,3.6884803285245895,3165.356356716347,PASSED
7.12074969850111,3.0790783186579977,5.080583601573979,8805.797424706847,FAILED
7.182529824863125,1.0650694404099363,9.154423057098331,14099.275747025118,FAILED
7.298833196955724,7.901221744083841,2.840270869194391,7547.186324998077,FAILED
2.092862675099778,6.698023554084185,8.452862321693345,5063.800887583392,PASSED
9.285030321955542,9.957831178042657,1.8672273176069842,7777.575363708227,PASSED
4.2258450112981745,8.454951828959935,6.360299903019292,8023.0789784059325,PASSED
1.3290326278761029,7.045423793769521,8.457470435192409,4064.6449851770826,FAILED
3.676591167719396,4.2477115176614895,4.315356364393928,4354.340765940532,FAILED
3.5072038013684783,1.6621899589523963,5.068002503586051,3788.8518853627825,PASSED
3.336149458337405,6.572112379895692,7.159536224819503,6676.307861731868,PASSED
9.706805383706051,9.712423786244214,9.137824671602546,24497.72401824903,FAILED
9.0567615926011,4.666902701820181,5.959935049751942,13251.325195945212,PASSED
9.241444828250911,5.379897671492952,4.642527901174893,11647.138393715095,FAILED
8.48951164513468,9.804338007199947,1.1474260294450598,6549.909600696947,FAILED
2.410858675175819,2.5667536787882703,6.355963866902437,3878.4329690839613,FAILED
5.0442174323505915,3.7527070129929694,7.089770635155355,8825.561698815322,FAILED
8.341695418348511,6.144262592540177,3.731857928008226,8962.879709175135,PASSED
6.947786611692799,3.5746178196063756,7.552027995546226,12300.170139894468,FAILED
7.022085838928092,5.159539405244022,9.360605855795447,15848.358471304127,PASSED
5.793116306984157,7.063088444492617,5.0647584787216715,8744.030942903693,FAILED
4.360095912382006,7.2918788922718045,9.767994948873515,11528.153220506325,PASSED
5.220139609765932,5.633567313392082,6.986706145023638,9600.227087166813,FAILED
5.271895994769159,9.688736787245196,2.0443594073440927,4824.849333256993,PASSED
7.544332778813166,5.699704281052669,4.035167460851177,8506.361315918633,PASSED
1.5028566792939169,8.714655876393905,6.029309238104626,3436.2226141414385,PASSED
7.070856180317243,5.102332696517437,6.022138743869058,10794.304206669525,PASSED
1.0472959973935767,8.748159212498281,5.251222447661811,2889.4343652912667,FAILED
1.5411765282154504,3.8300122798486167,1.4718007727010545,885.052565950355,FAILED
8.909737988238717,9.811619332870336,9.378276176149804,22796.72811372542,PASSED
6.650383967888934,4.633954660103101,7.251341840217892,11985.992975985011,FAILED
1.1101379109818676,3.925984471731672,3.212653574721155,534.8944668699079,PASSED
9.65848464397947,6.798404515243121,4.565765120985057,12668.676011048627,PASSED
2.7523298606126563,9.110885514371425,5.4841324360428985,5189.57635842772,PASSED
2.344842367901876,1.140081399097942,6.736627131236329,2911.4796778511204,PASSED
2.7108021052632276,7.436997070774495,2.9889712680413534,3109.9311518613404,FAILED
4.641239661339011,9.96041462902737,7.113132527256882,10466.079419557365,FAILED
1.702591701586658,2.1808824377671545,7.1510802010258105,3016.790653287001,FAILED
2.3803381163432626,2.0762606952245504,6.089909057601807,3082.068328205171,PASSED
6.651410825092263,3.545452419091544,8.602541644294087,13293.91396116418,FAILED
6.742468092028716,3.009565685588275,3.254207964873668,5447.816458161023,PASSED
4.176303361545307,4.453533931578519,9.552800503364704,9861.74509572722,FAILED
4.896947636634521,4.545303716463145,8.531104755622362,10099.822651349104,PASSED
6.615311037528508,1.3515185484388965,4.0515276956013695,5937.182322718583,FAILED
6.430285273267565,3.1132484067600146,3.3438861930293067,5460.9259369017755,PASSED
5.416854701817153,1.8139227736106915,2.609063606146902,3345.0528026689035,PASSED
8.82678797633,8.994113357538694,2.3589104911284156,8772.698188267184,FAILED
7.206143734423722,4.916183485228245,2.3881363077377733,5622.911465393516,FAILED
5.815733378918626,4.507186039792833,2.581470961002019,4628.524495375224,FAILED
1.6803542293537768,7.8723000373859335,9.280108964366585,5286.503840222121,FAILED
4.50403033713479,5.9184215854487086,7.291751660215,8681.264675852772,PASSED
5.790359561178666,6.8435424990753795,8.241690377071958,12748.870247218814,FAILED
8.745971284802199,9.043327520953506,9.503553406928654,22340.09692573982,FAILED
5.007584530005481,3.859760659910564,9.38565684863952,10882.479471579412,PASSED
6.041688760523791,1.896305102668899,6.839209605145895,9090.574354167074,PASSED
8.853143869467699,6.789747811948925,9.274370449466643,20618.556470092895,PASSED
4.820384568496503,3.1287367594851645,2.343784417125363,3213.665687392825,FAILED
8.867845589898508,2.41672956741992,7.80957934178096,15568.018166830416,FAILED
4.097806019313978,8.104242218631915,8.428392803291418,9831.502200330053,PASSED
1.223084457460978,1.5823171935700544,9.57982091923745,2695.7786219130294,PASSED
8.391055024524958,6.99887118842452,9.415967832632742,20110.427877572827,FAILED
5.8980902488404015,7.584756618932853,5.440854351866158,9381.337424371515,PASSED
8.396182145728027,8.908865097394976,4.529005304818905,12132.806722009796,PASSED
1.8326740285580216,8.90123635060834,4.400252497237215,2829.937674033607,PASSED
3.2089224525831592,8.71293077331306,4.942804538518558,5522.998837872842,FAILED
3.718801880341469,3.2956449781939914,1.46326707290139,1562.40423778101,PASSED
6.910010049903192,4.891006357358986,9.293453883138712,15462.421456792941,FAILED
2.9739924133183075,7.079457742846532,5.873786822825222,5489.976794557033,FAILED
6.950984781798525,9.738472985958182,9.182335188466848,17744.330373248355,PASSED
5.088275717407619,3.98807842956518,4.4295291020912995,5888.5425439536175,FAILED
9.916157117557196,4.11689953160808,3.694206420268594,9480.280739705247,PASSED
6.299619586878382,9.810067360608912,8.05148486185039,14829.033635485497,FAILED
6.321642541799402,6.319194458128832,9.864398568691046,15571.041354991767,PASSED
1.7211986685356249,2.0965071024271844,2.286441093747369,976.1660722805016,PASSED
5.219138675526356,7.633563583902063,1.7199374135881604,3874.367289755959,PASSED
5.438775938182847,6.54711027370517,5.825129166122153,8940.728700084383,FAILED
3.5233922944814413,8.015567843044554,6.674184618015572,7040.156917950076,PASSED
9.598730199089342,5.174619305459903,2.745466192494546,8235.515792444337,FAILED
4.874898139448267,7.720447583370792,2.086144796162884,4241.490331738558,FAILED
5.285320918189514,1.4673203711831442,1.2403257930124134,1883.7998267568762,FAILED
5.367927905839376,8.850787432557436,7.661704405494541,11906.706207847477,PASSED
9.85243045109439,6.987586456666006,2.0435780950437596,7758.1830269137245,FAILED
6.046325063548762,5.432896427695278,8.950435968333846,13537.903887466195,FAILED
6.597694578724563,3.2000879953223937,9.230242163135026,13765.70005517368,PASSED
9.344441167915452,6.113252867267331,1.9454245479805168,6358.165706117683,PASSED
7.8517288351829295,4.302363477856593,8.918786316776707,16352.922145964843,PASSED
1.393076261493058,4.424482357073696,4.243773811191049,1927.9438694104645,FAILED
7.214493532304216,9.688505308799234,2.8869392719785254,8173.432245472146,PASSED
8.208799504243068,4.945602848412738,4.094841683489683,9040.604081037027,PASSED
4.056200552563867,7.954116621822498,5.246004376540581,6743.591880292558,FAILED
9.495933214792618,2.0356043105742856,4.255552988136252,9093.859447677089,PASSED
4.759195217775099,4.019774214563539,5.071712013009936,6147.364590767714,PASSED
4.346498868480968,9.663015103054008,7.491637931534907,10047.666895424742,PASSED
2.760272460771499,4.687694124440837,8.267278960865454,6164.49555187312,FAILED
1.8183390343415642,2.5137357236458637,8.839257775421853,4098.313398955405,FAILED
5.975879454104521,5.761375173597241,5.2501719367935,8593.786248421638,PASSED
4.624438884695571,5.903829202798773,5.533820097594211,7110.5752284984255,PASSED
3.6768438950173703,2.340544619194852,5.974705472563915,5117.733154976483,FAILED
9.092929873855214,9.12741375035181,7.411920687678996,19286.990856592412,FAILED
6.841262047749436,2.4466292973050305,2.907631213277283,5064.568996190142,FAILED
4.157347687543611,9.229083439567482,8.861192831500883,11044.427500313039,FAILED
1.8443088582354168,6.046831539954392,4.022523374459599,2440.4872936015477,PASSED
4.997686081994802,8.621418462449519,4.90479386667653,8031.9078566356675,FAILED
4.4570680338998425,1.7034780427807736,8.990634941778593,8739.0470747516,FAILED
3.7689541203876384,1.235063412937304,9.930130372661806,7664.313079022851,PASSED
6.555601381818581,2.842646716810452,9.533337693330232,14065.621338851906,FAILED
4.84092698101764,4.472479526620105,6.77423933849492,8263.802096186291,FAILED
2.2513000317729244,6.047830119573589,5.099695085315678,3455.2464888071227,PASSED
3.7017569969726773,2.5468210546243926,1.6126690488972983,1549.1351013085864,PASSED
9.868117463088145,6.541934239582863,7.595856538129298,19301.01742526415,FAILED
9.780129309137518,5.984967627677166,2.269420719839172,7640.005501067278,FAILED
3.9247058183178014,7.832345244187631,7.728954715833705,8791.554516804981,PASSED
9.162046719723856,5.74837799910037,6.882295539213226,15837.587022256408,PASSED
2.8704581024436457,5.694607763516183,5.298900839499311,4550.085184468616,FAILED
8.37745513671435,3.885631930101585,1.5138145863835157,4263.032391248808,PASSED
4.521894036391486,8.469413288245383,5.958327931736992,8337.478042186522,FAILED
2.907754832622535,1.1044233617657464,4.845316343019406,3010.106692323661,PASSED
1.069576318260499,5.293065091835892,9.22460720487559,3153.4351736788544,PASSED
3.594803574393856,9.593702445916632,5.65441459287555,6883.340289840194,FAILED
7.96406460560131,3.022929589983807,5.405494728988147,10143.17826585402,FAILED
3.556210519484494,5.122949886991255,7.032572059335246,6682.973591370059,FAILED
7.1968308781093855,4.564749524368411,4.066477998951976,7781.600245554072,PASSED
9.436340884310985,6.468938836599056,7.819340598173197,18650.221709380858,PASSED
9.044844335569493,6.738005763910657,4.496511880628204,11794.8733965549,FAILED
8.964233026354805,9.263317562089842,2.1268188701921376,8258.028976796864,PASSED
4.997521976183281,7.818103651831526,1.8247166852141583,4100.512034207934,FAILED
8.511493516170017,9.481006172963454,6.208156548186167,15678.060279945841,PASSED
7.229664908472127,5.294858954985773,1.6150481605929659,4516.710304954609,FAILED
2.0689209592810407,6.300634154803831,1.717283457445115,1392.8251708921425,PASSED
8.592470159299186,9.074358617446277,3.534647469982215,10690.262369899176,FAILED
9.800826808786312,1.935813560999437,2.647608209123214,6331.203740031669,FAILED
4.6163547992885405,9.7193225026457,6.574352936419813,9397.987486231686,PASSED
7.913165052042829,7.1916778260450736,4.287873188582365,10063.877749892186,PASSED
6.421758007024805,6.855702171489661,2.64460181658981,5827.3938992121675,PASSED
2.8482889307253383,4.282866701117994,1.2609439174761843,1629.0023356774368,FAILED
4.1204476665166805,7.372582763582857,7.11582833943879,8414.860665014534,PASSED
7.634463933428033,5.736282633961944,8.47712773843168,16097.001810866272,PASSED
1.4129375345507875,3.0643342950692487,6.636823640100152,2670.117152666833,FAILED
4.536486402809555,9.62581773454673,2.310629838632127,4659.729298485209,PASSED
8.195619793094947,9.428729662197805,2.3606269386760266,8364.163741339555,FAILED
9.58558824413309,2.9867886214197163,8.723316294839146,18655.665698992547,PASSED
6.3267446202681965,3.828671690796557,3.366511068790587,5677.606971378709,PASSED
8.47519552052665,9.942532684136804,3.081621497601243,9987.978476849434,PASSED
7.9522797720682,6.453845602011202,5.329966867186773,11763.691109807642,FAILED
5.819902177441897,6.678509407883037,4.022702743743084,7180.480620315112,FAILED
6.0706027395746105,3.143005988998099,1.7665139613049008,3118.3114542262574,PASSED
5.838801734320441,5.643873691366043,3.1635868904184434,5710.734988629825,FAILED
3.4006840856055076,7.218500159297251,5.39502713110014,5627.702323502613,PASSED
6.76530906167442,1.8363240717364824,2.183243449161622,3643.0424604983027,PASSED
3.833933005182948,9.997616760033829,6.166928470016141,8013.55773026421,FAILED
3.877950999374704,5.50485635765933,3.6019096732173312,4254.675849308849,PASSED
9.864606608257143,8.45109431146545,5.649636283287428,16248.850084505688,PASSED
1.2565509295558352,5.678612137228077,8.086222656063578,3257.9519167672156,PASSED
2.2821930615328267,5.350481260938585,7.718985692616304,5058.9572706716135,FAILED
8.009029197696492,9.595925528466076,1.220616724355331,6192.431977186889,FAILED
1.5613945654923669,8.089574786645027,3.4060742723477118,2332.1309455731694,FAILED
9.429458594638948,1.5710782583718994,5.837242553776839,12074.389823040055,FAILED
9.272396078825174,5.678061825264858,1.8572988653426667,6279.168729203921,PASSED
2.4016416477893108,7.864743593667166,4.838329670959208,3925.2457479377736,PASSED
5.402330175665936,6.109744790254103,6.64369374967027,9720.836984604477,FAILED
8.900395319207211,8.204039601012564,1.8433765670551772,7319.150702438795,FAILED
9.468006279106161,7.952180347964843,8.475823566899575,21378.64261062024,FAILED
7.373542500532158,9.83425137239882,1.4523842470095292,5845.684919056049,PASSED
2.36526459692392,7.271531469614532,9.068487232665813,6606.917196387447,FAILED
6.518844417669405,2.2987137077466335,2.941087406964875,4784.838792463723,FAILED
2.4202169002106344,9.85521565370555,5.405278194897194,4802.23236651843,PASSED
8.578517924698827,2.9526351286506585,3.751807047402246,7871.2322351973335,PASSED
9.63313832440884,2.1378344023513565,5.143345095825051,11235.120432753856,FAILED
5.801444676160646,5.876726666001103,6.847789137506158,10458.267755599984,FAILED
4.642100026862966,2.666814725170666,9.631389767140986,10035.415358494907,PASSED
9.19215745198365,7.9798786689614944,2.439516193978883,8549.742804189584,FAILED
5.379915451974256,2.672550618466336,8.356476096775303,10180.470067571272,FAILED
4.420562437024056,8.148157708240392,8.17973335812821,10356.827879411368,PASSED
1.6290205820108516,6.0973659542263015,5.049552456935372,2815.8597150027344,FAILED
9.336648706640041,2.3240284652659993,5.729884503154935,11921.668401231107,PASSED
5.4530281584652585,2.1103943104705327,3.8250777844418113,4910.14894163174,FAILED
5.68805535999574,9.238383602729462,5.55073710555078,9965.219134839434,PASSED
7.414639415868527,2.994709490181325,9.130427438180536,15198.353744110404,FAILED
3.5234868396277355,5.188549159666881,7.61457462004462,7002.844720045895,PASSED
8.146768182917864,3.6074574832047523,7.227004947820286,13650.311136985401,PASSED
3.979076740034241,2.647177881081353,7.313985580507747,6679.862827774234,PASSED
3.930961565676311,9.686988193427327,2.5708115065162858,4524.21447500137,FAILED
3.066378498392063,5.609128563841225,8.712200571585665,7291.441362783364,FAILED
4.036625431283991,3.262311714500627,7.531029673919029,7244.492940610925,FAILED
2.9617065176990005,8.694219693083657,8.000065397346104,7499.433219393551,FAILED
2.2747260225035273,5.253144687881305,9.955094782377023,6167.240314961419,PASSED
1.58402699278408,9.05686760513272,4.016086280856409,2642.351968483291,PASSED
8.44020077573423,5.042919004571545,7.378218453294162,15181.170619966353,PASSED
2.3233137896655367,3.0829400511332214,9.831634170899914,5557.872898217537,FAILED
3.9804230443742967,1.9964259234273745,6.054043002637042,5422.472702062797,PASSED
4.705154400858211,8.262144271253929,2.3308472924689903,4557.4436427302,FAILED
4.324437672099148,8.423923557821661,5.698295528094272,7701.534681254858,PASSED
8.891309557091475,6.460378321356827,8.797063528625866,19708.431552220234,FAILED
5.076627244758224,5.583286365850072,5.6630628973966095,7788.982087129406,PASSED
1.4869178591420207,9.27199352230248,4.394321985397072,2996.5758343454695,FAILED
2.683085449282899,6.830466657008738,7.540263228085205,6018.648901875884,FAILED
4.175313575789421,1.8315187058956393,4.883057729487893,4717.959222577605,FAILED
2.4366530908720776,8.112972089352969,3.70282110192659,3311.266778484122,PASSED
5.9740617013346595,7.328293935490092,7.173336514720751,11848.011631856938,FAILED
8.472389744879113,2.0795063008422106,9.33118303195747,17093.927102426853,FAILED
9.998753426659686,9.655238127972996,3.823312209899081,13196.5600098088,PASSED
4.147652271917176,3.626994040369514,4.494868938156998,4752.567661900507,PASSED
8.29543360594828,3.8095553163319114,8.61207077808124,16383.262703549399,PASSED
2.9724131027141065,5.496153567612608,3.7261704958097424,3457.5270084972076,FAILED
3.427068665375275,6.740555952105669,1.2775061572582476,2144.2856935861105,PASSED
5.191981216827686,5.088065838538719,8.97853261085422,11483.276575902637,PASSED
9.980800910735493,6.098250390238509,5.4854707363186685,14712.644111236606,FAILED
7.668514443510038,1.8747765075186473,8.144176260185889,13446.071262445463,PASSED
1.22804688603552,6.625430365345457,4.74388883809036,2119.5579124928927,PASSED
5.080995735895563,2.5941373438129833,9.83430257423552,11180.014864911693,FAILED
9.93574147186276,4.531236337766243,7.340396117772302,17592.35361586703,FAILED
2.2177370108084538,3.747899338932012,7.34025414487458,4155.21059063779,PASSED
6.624153618019052,9.08391648666893,4.681620306803891,10194.69651372708,FAILED
4.324128429678024,4.348769022234974,6.518803483463429,7169.483420065356,FAILED
6.702382863154548,6.624221987587934,9.058664061285148,15459.670572855764,PASSED
5.787991796337183,6.780034077419999,2.0828462440171487,4697.9138100316395,FAILED
3.636214147360516,3.5256754003537925,9.36483753959335,8067.217758894282,PASSED
6.819001356511491,9.179669305124897,2.2435607705083926,6549.92633940014,PASSED
8.059256659898114,7.5118079029428175,7.635234161182653,16389.74220452805,PASSED
3.8428459172659792,7.762874689786157,4.271629144398383,5477.2998974098,FAILED
6.851284476423727,2.4774413727578324,8.422038365841592,12766.816992745316,PASSED
7.036940651062089,7.032031030332545,4.007265079238847,8739.493420993726,FAILED
7.468770901787159,1.7413553439682414,6.522107752484343,10588.516440438163,PASSED
3.8761789374627234,2.8121169831908177,1.5707000626899101,1843.9446482102683,PASSED
7.93189295698269,3.02614977401561,5.501640924348362,10260.325752218303,PASSED
3.0501471218158156,2.3787848701906107,5.629060641916892,4176.8028809600355,FAILED
6.0330517635603265,2.4956072705846664,9.06589626634427,12266.919298415824,FAILED
9.489741407438858,6.286754475341327,6.26375419841597,15665.135444429074,FAILED
2.7571061437227877,6.8257176630773095,6.739352647175178,5610.019140212286,FAILED
9.771777915694438,5.354762959292917,6.532973533304931,15963.052093441991,PASSED
4.75294394972035,6.129931109028141,3.750887706385237,5443.741403245428,PASSED
4.086274462058777,9.73122173598453,4.251578306571642,6297.364894779837,FAILED
6.424865319317139,8.418674321927112,3.8723555910400362,8259.270214875096,PASSED
7.809348877165521,5.106024020352146,7.854044485314618,15122.409011233129,FAILED
2.1673360167216673,6.472153418182274,7.141116726193616,4684.511329053074,PASSED
2.516512426693315,4.992641597101473,5.021707611295652,3688.499764759981,FAILED
8.331514224226037,9.609508842958242,7.463954432433335,17900.23943099438,FAILED
9.010727992981252,9.87511256086888,1.855744445054545,8074.31963881271,PASSED
7.306661306122612,2.7467623330857434,1.8932466194699358,4012.8501521599846,FAILED
3.3119066269525526,5.208330183932757,5.818206553119061,5238.554482731797,PASSED
6.763214433543077,1.8166186638295847,9.322805104183542,13579.661812299068,FAILED
3.015317740646234,3.177197422636712,6.645879212121124,4949.637664783749,FAILED
2.0732762174448367,1.2914525444861296,1.0571644504297923,646.9539009878495,FAILED
8.364606752390271,2.5491664958031333,2.538893372963719,5456.933825875798,FAILED
9.745008734286065,7.54012769761504,9.372926417704264,23241.799364449376,PASSED
6.160368194660458,1.2247686802345148,1.041755657511645,1484.9455736353261,PASSED
7.6237592851124445,2.716098145876358,1.0583473856970445,2702.5971975008665,PASSED
8.32417250754662,3.542789798572724,4.715494771387782,9649.342937096573,PASSED
3.5657419246914923,9.344130860553783,5.358896431248357,6470.173176671148,PASSED
9.07228973957689,8.859820012195524,1.3097701585205057,6817.927079356788,FAILED
1.71135726777347,6.326707559408646,2.516997951405767,1619.5741478742386,PASSED
1.001644211690706,3.8006148032512077,9.71402842645376,2824.2341234897904,PASSED
1.640949444095293,4.286542101985745,3.960350525992096,2007.6464794141252,FAILED
6.511329636785819,5.608128368789828,3.221204395326339,6361.942992950361,PASSED
5.177024264626181,6.9340098347061,2.3018784748323817,4528.828145637239,FAILED
6.858963640449036,2.4159524168616504,1.9414106774948596,3698.2203192177753,FAILED
6.588477017555833,6.54673204929337,1.9448925661642662,4987.327398775237,FAILED
6.638828276862262,5.022303089531137,8.617666928907862,14003.451245740987,FAILED
8.219110821156168,6.28095329019197,8.904118210107892,18301.34677788533,PASSED
4.796016230331187,4.343043930929652,7.945595506557826,9330.914857246285,PASSED
6.195030041052622,1.4931443279629193,6.878695352619109,9098.795804651467,PASSED
8.065500869702925,4.343254742954321,9.359905748875438,17719.434086409106,FAILED
2.4499517672832183,9.384694380687291,9.294755967922587,7796.595727432254,FAILED
1.5133963250907592,4.80654368826012,2.4606029459958316,1253.9192276637973,PASSED
5.711235149743946,3.522152204377692,5.509121358424661,7686.195300428667,PASSED
2.237304053568643,6.146914578358808,7.533889498332604,5019.228134570161,FAILED
7.573098293530651,5.136029072809083,9.346447410792422,17175.933901091787,FAILED
7.860225109900453,7.986951734027109,5.058569760490741,11896.958391606222,PASSED
9.469698753507656,5.338705953266565,4.918746334361389,12431.959541352917,FAILED
2.043865009731338,9.020120466338822,2.2195669950230488,2170.6995941312784,PASSED
8.670356060130576,6.082161368009142,2.598281845391446,7423.1916522003585,PASSED
3.698778581184506,7.256915220982417,6.0571780002291815,6710.563379099306,FAILED
2.99360590242307,2.5377173469379137,7.646138970002788,5317.983300856445,PASSED
7.284761577169012,5.274915182230338,6.99073786110738,12794.792884257318,PASSED
4.5263942640404995,4.558125096994397,7.371258251811367,8453.492097293445,FAILED
7.329975378096852,9.29653502598871,5.71573654798467,12790.412426326238,PASSED
1.0712093786031138,9.163314822386551,3.370013170495334,1971.7450183000801,FAILED
3.2931550923551804,6.055525895072291,8.104454031167265,7318.1274165073655,FAILED
6.9739740845648415,9.250860884822838,3.991119931858975,9654.622783252209,FAILED
7.122124827126944,8.658523087539518,7.007790116762363,14264.665237269137,PASSED
5.049324150194714,3.6201172481811,6.365272688678292,7772.142935626776,PASSED
1.602135809070861,8.221629032719271,9.424738317204994,5074.748153836445,PASSED
7.141131997773328,8.092134052847197,4.118268122294794,9467.57658261886,FAILED
5.970156737203432,3.6796422963191158,5.119851305277075,7586.7618354609585,PASSED
7.306121794156156,4.871403317898448,1.0805071228229721,3447.942931345025,PASSED
6.685738852551507,9.52362966704132,8.118129811271377,15633.99119314918,FAILED
6.447954907905714,9.915326015316454,4.750744299725374,10234.94085322356,PASSED
5.785624936379984,6.434562126697092,7.147784932373879,11085.240931762059,FAILED
7.500122992624903,6.071698056759013,3.7349388057647017,8433.989306067797,FAILED
3.8455114854978603,8.578702129317179,5.941915897768771,7239.442416743168,FAILED
7.916233903296632,3.8535107096928884,7.640690922366671,14194.219008272574,PASSED
3.450203137984719,9.495975353731204,7.116164559936718,7847.950555716273,PASSED
2.264184707059126,5.549655960904238,8.974385524001388,5711.043277531063,FAILED
2.1262739706800122,8.297328012014383,4.417791056848894,3508.0315289255204,FAILED
7.58487793485301,9.319279026927957,3.9481450778052607,10332.68213240781,FAILED
3.905581736794043,8.507422372208058,7.784385344682143,9010.742132516223,PASSED
2.689236832556249,4.030898488250827,8.8749884831247,6030.7650757779165,PASSED
7.3639567185003525,4.289893657360932,9.860416459670153,16943.92190705648,PASSED
8.317763517766194,1.3223623617277438,2.563797578588132,5092.563637937878,FAILED
6.505791140039775,8.851585323062121,6.139843337503055,11976.230427649476,FAILED
2.8902090369124895,7.384455541768681,7.565452030119769,6549.755120370905,PASSED
6.819299974906402,1.4712997909232082,8.462238405152231,12352.894923833124,FAILED
6.987140726564609,8.201122137378452,2.4833830253970017,6740.175924795357,PASSED
7.598198215155938,6.515641043312371,4.016053719215591,9135.519059478236,FAILED
3.5086121790783276,4.333804425770242,8.055075518903333,7163.091367211835,FAILED
5.87771575336355,3.339343257139335,7.250949214456099,9966.75941486314,PASSED
7.418515221840559,7.60369708692158,7.39538778382062,14912.442486175061,PASSED
3.7647058939191576,8.725725297068132,3.7058580152762106,5023.336317573314,PASSED
5.761385703082511,3.4362432989246257,3.669861496205982,5502.081932849094,FAILED
3.7488026153952765,2.556568601276997,7.914959813553402,6867.287165574633,FAILED
6.478660932055245,9.848664266213024,9.763636571293993,17851.18714502354,FAILED
2.569872399234283,6.395290363066303,4.105080720668417,3466.897472167922,FAILED
6.114763622564388,9.724544211121282,1.775658037250093,5540.1716641781,FAILED
7.94637500438205,5.756341884040527,5.301197680374894,11329.617868924157,FAILED
6.505897254702353,2.8302468864060764,1.8261230608695733,3374.668232852269,PASSED
9.096336271628434,9.117848068976421,2.76518178130852,9606.354352696451,PASSED
5.199415536403428,7.146325717524659,5.310879993730547,8114.432284373182,PASSED
1.8969203196533164,5.42291187751842,3.615145519501278,2244.6692093952515,PASSED
6.851188410684385,7.589774879636284,1.9713583200650715,5603.74352128643,FAILED
6.719301860552354,6.732272430801538,6.362849934642207,11645.581483194579,PASSED
3.0425154583489253,6.278947752937607,5.211815244801817,4828.082438930012,FAILED
2.119837683433061,2.8697237528575856,4.11909401216837,2248.7736728177997,PASSED
2.8809774670815944,2.9690893453687472,9.552256565298984,6551.7839616364745,FAILED
1.336474245446888,3.0204915569172153,2.979783932735906,1194.190750251982,FAILED
2.1855345827624784,4.216031779899548,3.3521704639570125,2184.2288800080905,PASSED
4.061510230434683,2.256567358172238,1.4846441276526883,1749.0157532952555,FAILED
6.961507045763879,6.676730421373666,7.172672875087953,13313.257346267206,FAILED
9.257383070568958,7.495391232418973,6.083671173217709,15696.394182162227,FAILED
2.802110226233757,2.9893434450784637,1.114223349152791,1127.4758157069043,FAILED
2.2938377525544693,4.450836478754855,8.66295117019176,5250.182911982241,PASSED
1.457397025919473,9.26485140740513,1.2640761075353848,1142.6740777739215,PASSED
3.7743464034973253,1.6150336779045604,5.514716397440644,4559.899888240086,PASSED
2.7778858089762695,3.10681510509384,3.7956175400368433,2764.7968501663286,PASSED
3.5797399926216418,9.15988703776924,2.0900830801058814,3531.347047463633,FAILED
7.157845537609738,6.750100698246304,2.958920306683638,7041.180638694012,PASSED
1.7629138412614518,2.0968334646916,4.151812425820603,1848.535412092633,FAILED
5.99758498663662,5.7000008427989926,5.885107993771017,9454.698527809924,FAILED
1.274995839931879,3.960664923652616,1.3298056406181389,589.1603841262116,PASSED
8.208647289373896,6.8338637275917264,8.922252588783834,18604.312070129912,PASSED
8.316062369830261,8.795291965233194,3.649629750340736,10317.103710010088,PASSED
9.42525795536881,2.54254942711915,6.140094448761152,13181.767783719079,FAILED
5.07938364404575,2.3889660462047226,8.882322516666692,10041.702875680257,PASSED
3.469357731236559,6.263162938035112,5.441258094787688,5600.697869209536,FAILED
1.140793786843055,2.3301250106701055,8.674784432656688,2641.421762447737,FAILED
9.691790756413308,1.7830401680568495,3.9360737936749044,8606.53019864838,PASSED
9.514399461719103,4.268869816699642,9.814061725620878,21626.257142882605,FAILED
1.1844156148550669,4.289634129813047,6.044388631324013,2220.5135596400296,FAILED
5.545151320086567,3.5117373473447455,1.240047419010162,2465.2034490028614,FAILED
2.634830187681839,5.178532166103931,4.266759415993743,3317.4260869252253,PASSED
7.58677187217879,5.601554496148098,8.095541046584863,15248.8615720029,PASSED
2.797368103301466,9.291753637204582,8.62577984870181,7798.449704628163,FAILED
8.770293879389776,9.417099818853245,1.1896749858861027,6448.466582164456,FAILED
4.939411408174902,7.3541579863812885,6.060304524604178,8697.13680890694,FAILED
7.1379096996566735,3.6825008076224335,8.278605969533693,13739.873937286948,PASSED
9.684035243114186,4.696864790189505,3.7436645111927582,9932.03997155937,FAILED
8.926057413164116,8.033109414083917,1.4382594162955957,6244.023008507013,PASSED
4.703734183736332,1.0976092146396152,8.261429824635066,8235.122680184428,FAILED
4.92582956166364,1.1487865707887126,8.072683717760189,8344.516440928253,PASSED
8.49390104782071,8.182896263585777,8.157964573482513,18598.754183993984,PASSED
3.8603973423719196,2.1880041836639066,2.283632541957271,2260.555405831519,PASSED
3.538512721925102,8.333704082521828,2.3922344725299522,3548.696487608594,PASSED
1.7611209432762185,3.650422431821931,9.600024326539087,4300.831527735965,PASSED
4.176426381447053,4.03670977846739,4.580643841138695,5054.9424594476895,FAILED
1.3119429192814227,6.186374288191315,3.393266247132936,1751.0998933378519,FAILED
6.385648639671399,5.100161280298797,9.400961099583691,14651.010676514301,FAILED
8.396550636302752,9.216997400252783,7.665281446389906,18092.776158496523,PASSED
8.962207975147958,6.336120023234314,5.076692233509687,12588.6169654949,FAILED
5.06504771474561,6.717715647920212,1.0478504214312316,2930.8562163386546,FAILED
1.3613309799935083,8.009750174748948,7.765583510425819,3887.3020776993244,PASSED
9.525808731913328,5.506046559422867,3.2213256404271773,9084.366955483194,PASSED
7.3209920114988085,1.8149509400479795,9.375149213654067,14749.558399230691,FAILED
5.027860249185307,4.7969728273085135,1.7793565540321628,3101.639734193336,PASSED
2.9673568833520343,2.3987709489738247,1.6844309317848256,1447.4373283381453,FAILED
9.86369736749832,3.9261222799316142,2.0534580963208047,6235.187843652961,FAILED
1.4055560139645924,6.8984015875368465,4.049779802213299,2197.32476215217,FAILED
4.596635828617845,7.604424707634212,6.765713812782057,8991.594455856004,PASSED
3.124542508925015,9.124181801324879,4.059059943375228,4671.173485489714,PASSED
8.993546442827462,2.7624339587994196,7.510250780604261,15116.569131785242,PASSED
1.4903944834826155,8.930446155204557,3.7424329789599002,2406.9484158993005,PASSED
7.493425895329521,5.657070462615996,7.078964677825813,13528.169936500208,PASSED
4.136413704874669,4.924578673447835,9.827237648463345,10091.046672149201,PASSED
3.066282585794869,9.69967300220579,3.892082211762483,4734.470060347209,FAILED
8.992284405725869,1.8478341134337875,1.1838967930145876,2920.9912434885305,PASSED
9.407814713496737,8.574307622102754,4.001965651071396,12219.482131888011,PASSED
8.82647517372044,2.004002079390006,7.8048078706670525,15034.167741503657,FAILED
8.216804648226965,7.39403241795939,3.3269814000624365,9044.757556084154,FAILED
4.7071706962216044,2.70803332246974,2.9793047163553474,3576.4073398757305,PASSED
9.865211155791657,7.748559084242275,9.121115273943744,23257.93394429115,FAILED
2.79729003899911,6.7510442796116195,2.1499395696725268,2357.2075083467894,PASSED
7.047779041532156,3.553824606758195,5.708531625693666,9719.147341375243,FAILED
2.1649546802500126,9.466592670323724,1.7167812231838848,2047.3523902675122,PASSED
4.142837422308537,3.6071741069129355,2.9894636743820167,3459.334204349713,FAILED
4.646031377488452,2.7994374334884915,8.209220523598663,8699.252575659291,PASSED
9.256999727829808,1.5260591590387145,7.55993559674583,14879.099328594868,PASSED
8.574676902594032,4.259457394245658,6.86442754010032,14185.203873561286,FAILED
5.6522782338336715,5.4160420448105935,5.995903663372478,8897.13351783548,PASSED
6.000002691013676,7.011198510044556,7.601913272101154,12297.96594218309,FAILED
5.069456482307864,5.383405408028107,6.344720850604605,8431.124990001616,PASSED
1.6185006989035213,8.691322039702033,6.387288216866733,3944.4515654943057,FAILED
1.142906038358885,1.888995901314099,7.335652092614887,2033.634014412125,PASSED
2.7053806846727126,5.502345314189953,6.800331921168526,5224.522828280685,FAILED
5.284695275066655,8.772929898478054,8.316664061002331,12559.863760568298,PASSED
6.364935259257899,8.241522793613013,3.8059500722653277,8142.284125431929,FAILED
2.241492273217893,8.5267350059171,9.970035307972974,7239.5000663546825,FAILED
7.391323624717951,4.370473555342032,5.185988155659278,9705.97178335677,PASSED
5.403580529775383,5.085039234725461,6.204344300751275,8698.118454350331,PASSED
4.8537258327684185,8.781907974406742,2.241017297528825,4744.268895314263,FAILED
8.868803612713988,7.146838596059571,3.028706733637058,8979.257570922851,FAILED
8.598778583221812,4.381427469760419,1.0375357211975538,3735.902226077846,PASSED
7.6436814668374735,3.9376141904446436,4.488932633353826,8754.338076274025,FAILED
9.441075209770041,5.998383426361615,4.873111690134252,12581.78572529311,PASSED
5.890138563080112,4.171294113308214,5.4032831904762,8072.081365249712,FAILED
5.318059782336311,3.9727951593109143,8.53175896452554,10872.770145093406,FAILED
4.617694895375784,9.845235955053594,3.2483853023936717,5867.242658920414,PASSED
8.548534620905457,7.541455118037672,7.227874339332768,16628.41150360844,PASSED
4.522314830058479,2.0476626664053192,4.536587577674693,4768.582003896528,FAILED
6.482084443730446,4.794576213643589,3.5947568459968586,6549.814306659626,PASSED
5.5364197068642005,6.196278402501912,2.729805066036014,5074.568868333187,PASSED
8.069931165005643,3.1490875688258835,1.0537992696668288,3112.6766591561254,FAILED
3.585260108716172,7.913571515037622,8.589988828498768,8927.21124015945,PASSED
2.7379627167177016,5.551077122939032,7.529062054609962,5761.283374238811,FAILED
3.6586119981761347,5.282261679956714,9.405843574964763,8897.250804552305,FAILED
6.904502690121008,5.2892324828066855,3.255531231801733,6679.038417330157,FAILED
2.905055303215749,9.530924897274396,7.904371585507259,7537.712781379076,FAILED
3.764249270572618,4.252515103479863,4.815373193496911,4807.220672166462,PASSED
3.908796657369446,4.721863696634221,1.2320285189520481,1932.5589038488738,PASSED
2.40146225676052,6.3017055552705905,4.558787518162809,3520.8047680719014,FAILED
3.6495341945887607,9.4845948545978,5.98152774050578,7285.962141466187,FAILED
4.048312215917888,8.338824215528085,6.051375066394249,7553.700520790461,PASSED
9.166606204856338,4.960539700788941,5.240843484495531,12414.453147097742,FAILED
6.198254373951794,9.52697059990313,1.674605860385467,5498.906355943395,FAILED
7.9326760945646155,3.9577814268074727,6.424679558831248,12249.631495090918,PASSED
2.366103640393047,7.619997257069662,2.7799396009320674,2651.1942734838262,FAILED
2.3287861033395396,6.278374118397388,5.808749241572775,4070.4667271741637,PASSED
3.1681550005169807,8.581723435782626,5.752985467952116,5964.15957548334,PASSED
6.8880922125494415,7.08606031519219,6.210714181842543,11902.98864949505,FAILED
9.312914697498183,5.541828776292036,5.708264781055968,13841.446268337002,PASSED
8.682938222992314,4.484344451806105,9.137306286965392,18626.77615623158,PASSED
3.357529820566194,3.4424948858350386,3.638325761449163,3286.7726432899676,FAILED
9.10115040883585,1.1470366132157381,9.30065413635532,17774.859654969485,FAILED
4.434646519953523,1.2703322805126782,4.8596568329681915,4740.61845198674,FAILED
4.971582426339698,2.380276855951826,1.4483843801711456,2031.6463191726525,PASSED
1.1028678120795985,2.288099708125276,8.95888445832649,2409.9283583591114,PASSED
1.3071819402449596,7.483202161264631,8.067588689729106,3777.147014506882,PASSED
9.948315754797521,2.2597888719123325,5.608059409511501,12533.574518971043,PASSED
8.80560538289152,6.137521898239619,3.8224562349309457,9964.893330192013,FAILED
6.9519170644021635,9.20504822554632,7.387854085435784,14782.724818091623,PASSED
2.815770353301524,9.307478348634195,3.4711393264335655,3863.912266406419,PASSED
1.9732980625897831,5.716159595283425,4.58176071214636,2978.926382393346,FAILED
9.180598098494405,5.625642696176307,7.761238974179522,17763.569588022274,FAILED
9.11284632357074,7.645401880252063,3.150037130530996,9663.954691318246,PASSED
8.362711364261731,9.513701818564316,8.100059576950688,19059.366452312803,PASSED
7.376929250252615,7.913831557783059,1.8369393302844195,5913.893757343168,PASSED
4.214252678136438,4.201543626475869,4.612119913464632,5101.892334659298,PASSED
6.095775260555464,9.570356067160871,3.6423575064294607,8108.199482674743,FAILED
3.9667758948251906,2.617588448113873,5.7128234397832305,5330.405513689493,PASSED
7.370304793888709,1.2482994300586658,6.0807591280170765,9599.923955410657,FAILED
4.091799799946294,4.199780323683858,5.809698854497138,6102.36852963657,FAILED
2.8392196570571935,8.838347303185746,6.398382962633042,6040.170131090741,FAILED
7.509976304555989,4.196538956016591,9.333583626629856,16360.892611056472,PASSED
8.490876608877072,8.372040641712502,8.953030902832804,20393.287826926724,FAILED
7.281382905486129,8.201957032657006,4.992272640655067,11086.158113844967,FAILED
3.1208343398438725,7.934816422281925,6.286077453422767,6156.388895236805,PASSED
8.573458287772592,7.176521899782949,3.9669684009223514,10511.421201119523,FAILED
9.361788276182311,2.5162539843559575,8.702135015801026,17879.61335751654,PASSED
2.0343507972304753,3.047826963129903,8.989238988995652,4571.61353993016,FAILED
4.927039336848046,3.7462848537327296,7.73064133700401,9099.233451483227,PASSED
3.595895464648041,6.077035217206309,9.00628172871881,8623.762082853538,PASSED
9.813266737465923,3.465913476189719,8.886598799556204,19800.2323912011,FAILED
6.7910704068514285,5.444567658051061,8.871922808228419,14876.42406617312,FAILED
1.895337076614953,7.068750298781783,2.932778579776953,2183.999673299068,PASSED
3.1848942979721513,1.273432027441796,9.745410535637124,6682.560033492875,FAILED
6.4620263519440515,5.471402657931285,9.937842715553634,15709.76392633516,FAILED
1.6674506923725674,3.6113194666763357,1.1254235775065753,772.8287105652071,FAILED
3.0603881793479757,2.095556745466676,7.026503021021303,4832.672525146283,PASSED
6.785218408626829,2.48842946518315,6.600945015600962,10112.032334452355,PASSED
7.482709207136873,9.255948122343574,5.132864032275588,12106.347834504311,FAILED
5.600840322074463,6.210267853024286,9.688175235730798,13735.979756296067,PASSED
9.05124005468704,4.378418087039485,3.989827460885545,9608.679964251029,FAILED
9.326527676921952,5.286482584471307,5.230626818447338,12785.114115790246,FAILED
5.085385800590067,6.367840282301201,3.293404750538537,5401.820859895478,FAILED
2.9286434585550265,3.281714646569492,5.855822971382513,4294.052529846796,PASSED
6.228502116253717,5.174681614276748,7.9869316764524845,12401.177502965733,FAILED
9.494825182662725,8.082949356283855,3.8067916801993604,11661.098309863599,PASSED
4.828494004132101,7.63130726306717,7.419173300674961,10176.369365146711,FAILED
5.373798560430157,8.69434301590619,9.466924325148806,14181.794907334082,FAILED
2.488108484831561,8.216632282829671,6.097366766875023,5122.835438226216,FAILED
3.246045832233794,3.319171069870962,5.033565939275361,4144.510916693433,FAILED
3.9627070862950275,9.970385374028014,6.529008638437335,8415.118596864457,PASSED
9.623415748035276,4.926304976344017,9.863182255045377,22233.278053948266,PASSED
1.2138278221384708,2.6212521766294925,3.46106510472471,1219.9762276551162,FAILED
2.4058751113116803,4.936658279938014,7.896261825400264,5162.8156342732855,PASSED
7.174818810667349,6.297151968582911,3.72471665777807,8050.9663385782405,PASSED
4.275872005180803,2.2547295622423933,8.070083308351666,7764.288752683098,FAILED
4.281664447258197,6.508739978507204,7.343109891706046,8552.662406867488,PASSED
2.6217127224983225,4.9589080576685225,4.030015625472463,3127.102658761084,PASSED
8.003010452096472,6.882568043582509,2.9082590255240293,7820.952206578113,FAILED
6.024578439893377,1.1482109408379453,7.169944563657584,9086.4380760724,PASSED
3.927223454796677,7.995112638833465,2.08768362659971,3507.373144901626,PASSED
6.425496441580597,1.5661739427214405,5.135532072548312,7235.249796049056,PASSED
3.500817353711643,8.79044208800127,3.0204191014660093,4169.931940896588,PASSED
3.40599540318521,2.9585616490455156,5.0425005009747,4217.330197429767,PASSED
3.4753360680355625,6.884497558941875,9.488813819503184,9130.92161058272,FAILED
7.779981499583008,9.76446735989777,6.642274899647538,15381.45935400693,PASSED
4.075441396836978,1.8006258644539377,9.769811034340592,8612.432695562744,PASSED
2.992336955323261,1.2959063817735608,3.4504733734088178,2372.1827849641713,FAILED
3.1185017669897643,1.894060489048072,7.447616013401293,5280.827348292474,FAILED
4.975698532252139,8.329823709452487,9.179603372461552,12726.259205436541,PASSED
5.343023587702136,3.042822879406467,9.799128824934993,11966.48705006428,FAILED
3.101996816980067,4.297057430928501,2.447546647898719,2405.3351021480585,FAILED
3.026265854944851,4.376253709499787,2.9395387614756374,2669.4864059389156,PASSED
4.544120830743622,1.2026141090514506,3.040727431376275,3081.0488251400266,PASSED
7.0869945278259525,7.217653903447491,5.766662484433538,11611.246142249185,FAILED
7.338165998277852,3.70129126670866,8.484007150444572,14421.113040355041,PASSED
6.4814120258572885,6.78202034171796,1.866066624055876,4880.425261185522,FAILED
5.905630793873624,5.88666901191427,5.902351550325812,9408.66996048694,FAILED
6.638752482844731,5.235406511890751,5.5325770632488585,9633.942139901043,PASSED
6.18732442541509,1.551402682656616,1.4159634961930743,2298.4803192710883,FAILED
8.656348408965753,2.2169377805732795,1.115821816043535,2866.1928653521345,PASSED
3.7640402181572767,9.166555803844613,8.333980980563204,9596.903686394151,FAILED
2.576868593481927,2.7718213853651825,3.0820159647872836,2037.1381767521557,PASSED
3.52150148657631,6.746953276833443,5.735849878193859,6015.6611007641195,FAILED
5.134180750161369,2.3496944997281615,3.2214342774168925,4062.1741106398827,PASSED
7.005070518621771,3.7084514377094853,5.80169688237973,9858.666339209612,FAILED
3.942796455738631,6.096933325222775,9.090102987406784,9507.696717280061,FAILED
6.0415276256129555,4.351341733202897,9.933651645984778,14128.60956449414,PASSED
2.1731298445385576,6.392227054494044,3.2176422662960658,2506.8065878446305,FAILED
8.337845686046084,4.088928991012469,7.660148230299768,15110.661790016005,FAILED
2.311756254156709,4.907664480329245,3.876040228926953,2690.2213858408513,PASSED
1.9714922450099404,5.011373469030105,8.17386975430251,4509.120775596312,PASSED
3.149974928544124,7.28537310710274,3.42919565062862,3808.055028525074,FAILED
4.67366691241984,6.542378771438014,3.3195371947701884,4992.41688076964,PASSED
3.095023486914359,2.492035873106983,4.217652477474343,3221.4629221010005,FAILED
3.0678259892487096,6.828504901632493,9.231777214547915,7974.850738613467,FAILED
7.385366343445458,5.63012344037618,8.337453801265173,15266.753088948328,PASSED
7.2316418932401,2.9955083016215216,5.442852576936204,9299.50455689931,FAILED
1.5792865682496422,3.7486755771709728,4.2381339158451325,1949.2323371652453,PASSED
5.279631398869691,5.440312176472473,8.348688490216905,11121.079572522256,PASSED
7.939106530193139,6.2840731295665435,6.097125086144636,12927.666329896629,PASSED
3.018592230866866,2.60982172538357,8.293324888412357,5855.462465421886,FAILED
7.373015751340951,1.5286038160176725,8.721707176160734,13639.796663050887,PASSED
1.3060617722771588,2.510682388332331,9.71891396061292,3190.4220281345793,PASSED
7.83716442326094,8.65045135260996,5.240698937439036,12422.822922612791,PASSED
8.052077959657698,6.588542028291122,7.435061082040036,15598.772842367314,PASSED
7.099191673543578,9.643449286648085,9.665051688267049,18936.2863228462,PASSED
9.646060058444716,5.411796636966978,8.017218300953008,19042.66684197476,FAILED
6.391040934122704,5.3230173054612635,2.764925540515531,5500.546116072264,PASSED
6.873359828713036,7.893849498234397,2.1422414207178386,6001.641785652652,FAILED
3.183897779088216,9.893922837970175,7.205200762671446,7658.344463644523,FAILED
2.5824547208862922,8.485787402428945,8.377235381347855,6832.942858887963,PASSED
7.632330002042969,2.7586311142530513,8.310171285774446,14226.612864528599,FAILED
4.6837278736051235,6.4550424330484555,5.323456450338863,7175.202715077986,PASSED
5.826897663653961,6.43401607624406,5.226343643125169,8648.91436178783,FAILED
2.3734367652210384,1.9667254086928299,5.423486114677588,3074.0374952910015,FAILED
5.478502403858727,1.8010989813170233,5.813751994594077,7115.91759352114,FAILED
3.7707909674630384,2.221510385044541,9.552033515009253,8049.079100279919,FAILED
2.6027757948197037,7.175826172060933,9.568694941047564,7343.283648822914,FAILED
6.693710223317081,2.9151717619176534,8.490744051340506,12824.66380868446,PASSED
3.013239718432811,9.783729099474037,2.2995285442306024,3343.9450734246966,FAILED
8.651540618163793,7.891419018490454,7.867487918702631,18293.572648993122,FAILED
2.338756584580471,9.34097900670538,2.39970602321813,2620.4695564480667,PASSED
3.3735242394713887,3.6032419079219107,1.0755275639613036,1322.1460634274706,PASSED
2.0112711193621524,6.77210495316068,1.3839404249136447,1461.663256268726,FAILED
8.741670507065887,4.476791882903811,2.393814008825575,6350.763659000654,PASSED
6.57405385915087,5.96791568289861,2.8782639031941137,6104.155900590677,FAILED
5.434073787121342,5.81974383800257,5.588056285302986,8246.094964977841,PASSED
8.92998770308019,7.880829731915336,6.934875196858436,16958.24750983687,PASSED
6.628385365923304,9.225656845587622,2.29076491360802,6472.873695671864,PASSED
5.276682035075841,5.023215837008252,2.5192084664593852,4207.657055055122,PASSED
9.51130265837755,5.945158182840737,5.063538727594574,13120.831053910384,FAILED
6.829532858867143,7.923837414324061,1.9881311377177338,5713.828273319233,PASSED
4.667848490789348,4.614804133284142,3.2878122080806773,4462.614924107948,FAILED
8.128533769128907,8.215270831734312,1.6840126700311817,6429.345199141253,FAILED
4.6366559008359305,1.0041354478488111,7.695735061102228,7531.830511899703,FAILED
6.703770779067564,7.995167307982581,8.074959507997548,14817.470169721817,FAILED
7.006602306694985,5.442602993843694,8.648503299917964,14952.525895634208,PASSED
6.045872048182728,5.605255164694801,5.295946137826595,8719.985999699918,FAILED
9.038918573434696,1.518571458145709,9.785533700827322,18645.52587193786,PASSED
7.364363841229683,2.9775268169614217,6.804412788164421,11541.618095844435,FAILED
9.814627063739254,7.377733872207083,3.096679078638129,10182.333057177106,FAILED
6.433946895866665,6.322382757467961,5.770034698838195,10181.386761951017,PASSED
6.222570156253048,6.67117510784915,9.800228708865724,15611.915383485653,FAILED
8.886373019170431,3.1481128618080927,5.0656736821146415,10711.672493438897,PASSED
6.659056474289299,1.5116033530184951,7.46290809307183,10737.541402808332,FAILED
2.1871525231097264,4.483121311853475,4.628494583292936,2895.168358188281,PASSED
4.671497889715987,2.298741584832733,9.63838080692604,9956.0652781265,PASSED
4.715888570596384,8.093825357562881,6.416349162281252,9016.548250219017,FAILED
4.6207883560542715,3.1578182447972796,2.4616927194047626,3133.1512612858733,PASSED
7.622674698985138,1.1619540320075616,8.518156111449478,13674.674826147775,FAILED
5.621426008520791,5.226002482488376,8.206407816868431,11619.75145998121,FAILED
7.283916162467225,8.436235192452523,2.0586069074152333,6272.835633646106,PASSED
2.15314357962467,9.241295043795901,9.884203659699507,7086.619252939151,FAILED
6.284058120111465,5.350140659099722,7.804892261719144,12274.849845534125,PASSED
1.700478429903145,2.8005485993519805,5.420180140607787,2366.24175368934,PASSED
1.0407574744458485,7.206530854115469,4.498255630925544,1982.35329624994,FAILED
9.130390681857007,7.6379105776838765,2.492675423398237,8474.860017054021,FAILED
2.5505400310234316,5.136360094671089,8.1636085635152,5635.546674294394,PASSED
4.519040513863753,8.162201047612216,1.9045517765914237,3941.445753084143,FAILED
1.4262744249259365,6.598979442947439,6.548514367570693,3152.1686474118164,PASSED
9.845103942392766,2.0548478664135925,9.499176537632383,20133.174710027506,FAILED
2.05271855258399,9.785848673257458,5.96950607949163,4609.2082105643785,PASSED
6.968589769417194,6.485250940267353,6.626005874648569,12368.440432869225,FAILED
9.154881321025288,8.385735701808663,2.2112864322859975,8248.53639473687,PASSED
3.7919532760854864,1.1742360846499162,2.176653868405298,1979.2078019021358,FAILED
2.6637012177941535,3.314987012901321,7.983372790888959,5301.393995205656,FAILED
2.228277484118498,3.3130487065806156,6.730190451797182,3815.883380862997,FAILED
2.2462930670040837,8.574963272914381,9.1291308693097,6624.478817354346,PASSED
6.6105612159017495,1.5355323022433012,8.068807815416015,11330.763933636448,PASSED
6.2542033500507594,6.394072048031719,4.048048060258846,7577.451854221517,PASSED
6.415230646183711,6.7162443435529955,8.554281691819979,14237.380293091397,PASSED
3.6803884759530363,3.8667432032130216,4.585997527162698,4428.9791412803515,PASSED
5.437822058068988,2.2450894336767453,4.506670532719891,5730.579405653579,FAILED
7.749987287724707,1.35325788548503,5.948173230283349,9846.753710158995,PASSED
3.5617737539535783,3.929566549358418,9.389191655435129,8061.246451772886,PASSED
6.686876344514259,3.9692099418685887,1.678439703807169,3743.322676040343,FAILED
3.3631286565135596,9.243113898214068,3.5627951795775106,4618.2115751064475,FAILED
1.2583614771934855,6.8461810256266995,5.756313486014844,2712.0411678772584,FAILED
4.322732182721777,5.984024261066394,7.441215764951464,8585.134778149648,PASSED
9.469879191333604,7.900871126634356,6.559897591596802,17201.162428655934,PASSED
2.439895750585091,6.829411958554172,3.509078041417826,3016.0549521486705,PASSED
7.40224612802349,9.864264726779131,4.915237736295291,11887.08342708041,PASSED
5.634733890979938,2.554711001147137,6.921837176867357,8928.426602811342,FAILED
8.838442609358587,4.76825897235997,8.304972597614297,17532.914089184622,PASSED
6.9940113866101115,2.3224022956319956,4.013769602316321,6591.0714827345955,PASSED
3.912799087390087,9.249863932823729,6.930913609966942,8527.67120659673,FAILED
6.8630663391762665,4.595425673325919,3.70709261130887,7040.477029693134,FAILED
6.760341730847451,4.751086073001647,1.92359497463669,4380.076301254861,PASSED
5.563225580493959,4.933019055185247,1.9053304500251018,3704.2279855395473,FAILED
3.1589278997881824,4.2625942486873925,2.848548489332353,2732.5586435904893,FAILED
5.48835014257774,5.646280148492915,8.71043242701219,12062.600399491397,PASSED
1.524942838467101,3.4669421963413303,3.0707496096370486,1368.2930574650493,PASSED
7.865803032466267,1.418940664131132,7.544706130730394,12563.496032119223,PASSED
4.433368836382501,7.912809857620369,7.102482457763506,9187.749591952894,FAILED
9.04429623297593,7.843064908855518,6.065097834252667,15511.221239965329,FAILED
4.69235152366169,5.910953048867171,1.3275004796195242,2812.493647565986,FAILED
6.427048813306186,7.583572421179264,2.4197643262503385,5888.955919920085,PASSED
1.4658500907951657,8.490019849801765,7.484144192956822,4083.6806374853777,PASSED
5.1359877669451555,6.069869669403307,2.6246882681643156,4599.416680807161,FAILED
5.716939428229255,9.9538378751576,2.677387101287017,6407.052975879245,PASSED
1.8864841149780394,1.7519659308960225,6.525397782213042,2869.4163119741643,FAILED
1.618732495240275,3.6744541208746484,2.8711551797147132,1356.4978251229104,PASSED
5.909528533164764,6.902290940466482,9.74937943459865,14925.548856105295,FAILED
5.651463233061979,6.329763977458667,6.161222848233701,9487.64245412405,PASSED
9.514117518797269,7.003335848610207,3.2575584572826948,10033.22356823693,FAILED
7.083169402578309,9.420012242833407,7.889931534692246,15932.456224714959,PASSED
2.1630834975807405,8.45342772537552,2.7048473983276753,2573.423906687422,FAILED
7.481140160654136,5.170172576697697,7.9513702512236675,14718.267334484717,FAILED
9.831752397006941,5.626438203533569,8.464864477152249,20382.812221539094,FAILED
3.6993994985083853,1.9724249230370097,6.51753931950169,5449.3127488543905,FAILED
3.030004788821517,4.60085380403933,9.992960121377894,7704.164915835849,FAILED
1.3159138495197542,7.573773208226189,8.682572828579884,4133.448931298828,FAILED
9.72994728480298,9.388973104542362,4.073983102362147,13250.37268421761,PASSED
3.3880464521075524,5.458484051402343,2.745398844277537,3030.1409347999615,PASSED
3.4056709602485244,3.1320064364551294,4.771177689354258,4095.851991452792,FAILED
9.197712860000935,7.752081324949902,1.5476268177359862,6697.6205833330305,FAILED
8.521741253410314,8.460868846726811,2.5917291331358636,8521.046299082216,FAILED
4.528692382157169,8.65050748740467,2.066729203694821,4130.28439123364,PASSED
5.027313529578473,1.4810048917149667,8.711435523280654,9339.873304569575,PASSED
7.084690432904579,3.3118055277129175,5.689980164495504,9546.505029463087,PASSED